model,checkpoint,sample_count,fid_dims,ssim,roi_ssim,lpips,roi_lpips,fid
autoencoder_nose,/root/CS31/models/outcome/autoencoder_nose/best.pt,57,2048,0.8213491031998083,0.8213491031998083,0.36156313816706337,0.36156313816706337,123.61269078044079
pix2pix_nose,/root/CS31/models/outcome/pix2pix_nose/best.pt,57,2048,0.818659410142062,0.818659410142062,0.3661009152730306,0.3661009152730306,126.808335329921
cyclegan_nose,/root/CS31/models/outcome/cyclegan_nose/best.pt,57,2048,0.7810013022339135,0.7810013022339135,0.24244012534618378,0.24244012534618378,42.10771554729895
diffusion_nose,/root/CS31/models/outcome/diffusion_nose/best.pt,57,2048,0.5105987416024793,0.5105987416024793,0.805618691444397,0.805618691444397,461.2674578144618
