{
  "split": "test",
  "n_samples": 57,
  "ssim_full_mean": 0.7248124762585288,
  "ssim_nose_mean": 0.5976522264788163,
  "lpips_full_mean": 0.09853236955639563,
  "lpips_nose_mean": 0.006256762073015827,
  "fid": 36.343344569503046,
  "config": {
    "base": "/root/CS31/models/sd_base/inpaint",
    "lora": "/root/CS31/models/outcome/sd_inpaint_nose_v6/step_10000",
    "steps": 25,
    "guidance": 7.5,
    "strength": 1.0,
    "image_size": 512
  }
}