{
  "split": "test",
  "n_samples": 57,
  "ssim_full_mean": 0.7194650837203913,
  "ssim_nose_mean": 0.5995958058269639,
  "lpips_full_mean": 0.09844298317636314,
  "lpips_nose_mean": 0.006124762950971592,
  "fid": 36.87947596365157,
  "config": {
    "base": "/root/CS31/models/sd_base/inpaint",
    "lora": "/root/CS31/models/outcome/sd_inpaint_nose_v6/best",
    "steps": 25,
    "guidance": 7.5,
    "strength": 1.0,
    "image_size": 512
  }
}