{
  "split": "test",
  "n_samples": 57,
  "ssim_full_mean": 0.7205498579301333,
  "ssim_nose_mean": 0.5996183112370645,
  "lpips_full_mean": 0.09841620026711832,
  "lpips_nose_mean": 0.006120640555756134,
  "fid": 36.52927698305862,
  "config": {
    "base": "/root/CS31/models/sd_base/inpaint",
    "lora": "/root/CS31/models/outcome/sd_inpaint_nose_v6/step_20000",
    "steps": 25,
    "guidance": 7.5,
    "strength": 1.0,
    "image_size": 512
  }
}