{
  "split": "test",
  "n_samples": 57,
  "ssim_full_mean": 0.6994258855518541,
  "ssim_nose_mean": 0.5822293551360618,
  "lpips_full_mean": 0.09960865503863285,
  "lpips_nose_mean": 0.006489230060476091,
  "fid": 35.84026959247083,
  "config": {
    "base": "/root/CS31/models/sd_base/inpaint",
    "lora": "/root/CS31/models/outcome/sd_inpaint_nose_v6/step_5000",
    "steps": 25,
    "guidance": 7.5,
    "strength": 1.0,
    "image_size": 512
  }
}