{
  "split": "test",
  "n_samples": 57,
  "ssim_full_mean": 0.6532333357292309,
  "ssim_nose_mean": 0.5563884882184297,
  "lpips_full_mean": 0.10380385646171737,
  "lpips_nose_mean": 0.016279875713384205,
  "fid": 43.80382184282915,
  "config": {
    "base": "/root/CS31/models/sd_base/inpaint",
    "lora": "/root/CS31/models/outcome/sd_inpaint_nose_v5/step_20000",
    "steps": 25,
    "guidance": 7.5,
    "strength": 1.0,
    "image_size": 512
  }
}