{
  "split": "test",
  "n_samples": 57,
  "ssim_full_mean": 0.652168994932844,
  "ssim_nose_mean": 0.5579062456361413,
  "lpips_full_mean": 0.10377361367276886,
  "lpips_nose_mean": 0.016223703078075982,
  "fid": 43.860181258058915,
  "config": {
    "base": "/root/CS31/models/sd_base/inpaint",
    "lora": "/root/CS31/models/outcome/sd_inpaint_nose_v5/step_15000",
    "steps": 25,
    "guidance": 7.5,
    "strength": 1.0,
    "image_size": 512
  }
}